{
  "title": "Quais papéis a Foison corta?",
  "date": "2025-02-05T14:47:42.157Z",
  "thumbnail": "/img/uploads/corte_prancheta-1.png",
  "description": "",
  "body": "Sabemos que quem está querendo comprar a sua Foison ou mesmo quem já tem a sua há algum tempo sempre tem a dúvida de quais materiais ela consegue recortar e vamos mostrar aqui abaixo alguns papéis que a sua plotter profissional Foison corta.\n\n* Glitter\n* Lamicote\n* Collor Plus\n* Kraft\n* Holler\n* Offset\n* Couchê\n* Adesivos\n* Fotográfico\n* OBM\n* EVA\n* Vinil Adesivo\n* Manta magnética\n* Acetato\n* Power Film\n* Cartolina\n\ne muito mais!\n\n![]()",
  "meta_title": "",
  "meta_description": ""
}