{
  "identificador": [
    "LDT7609"
  ],
  "title": "TESTE CAMY",
  "list": [
    {
      "title": "Sobre o <b>Produto</b>",
      "content": "<!--StartFragment-->\n\nA Camy é a única Plotter Profissional desenvolvida exclusivamente para o mercado brasileiro de Papelaria e Personalizados.\\\nLeitura: Automática por Câmera\\\nA tecnologia mais moderna para um Print&Cut sem erros.\\\nPara cortar papéis até 420g de uma passada só e mais de 100 materiais.\\\nAproveitamento máximo do Papel\\\nA Foison tem a menor marca de registro do mercado para você utilizar ao máximo a área da folha e aumentar seus lucros.\\\nCorte até 3 folhas A4 de uma só vez\\\nDê um salto de produtividade com a Função REPEAT e a técnica do Corte Matriz\n\n<!--EndFragment-->"
    },
    {
      "title": "<b>Como</b> Usar",
      "content": "<!--StartFragment-->\n\nPraesent placerat risus quis eros.\\\nFusce pellentesque suscipit nibh.\\\nInteger vitae libero ac risus egestas placerat.\\\nVestibulum commodo felis quis tortor.\\\nUt aliquam sollicitudin leo.\\\nCras iaculis ultricies nulla.\\\nDonec quis dui at dolor tempor interdum.\n\n<!--EndFragment-->"
    }
  ],
  "faq": [
    {
      "title": " Quais são os principais diferenciais da Plotter Profissional Foison Camy?",
      "content": "<!--StartFragment-->\n\nA Foison Camy é a única plotter desenvolvida exclusivamente para o mercado brasileiro de papelaria e personalizados, com tecnologia de leitura automática por câmera para um corte preciso e eficiente.\n\n<!--EndFragment-->"
    },
    {
      "title": "Quais materiais a Foison Camy pode cortar?",
      "content": "<!--StartFragment-->\n\nA Foison Camy corta uma ampla variedade de materiais flexíveis, como EVA, acetato, vinil, papel holler, entre outros, com até 1 kg de força de corte e a capacidade de cortar até 3 folhas A4 de uma vez com a base de corte A4x3.\n\n\n\n<!--EndFragment-->"
    }
  ],
  "upselling": [
    {
      "upselling_list": [
        {
          "products_sku": "FO0023",
          "item_name": "Software SignMaster V5 PRO"
        },
        {
          "item_name": "Software SignMaster - Basic (Licença Vitalícia)",
          "products_sku": "CNC0039"
        },
        {
          "item_name": "SignMaster Cut Basic + Arms",
          "products_sku": "CNC0041"
        },
        {
          "item_name": "Software SignMaster CRAFT (licença vitálicia) ",
          "products_sku": "SOFT0001"
        }
      ],
      "empty_pop_button": "Entendi,desejo prosseguir sem a contratação do software!",
      "help_link": "/blog",
      "title": "Software",
      "empty_pop_title": "Atenção",
      "help_title": "Qual software escolher?",
      "empty_pop_description": "Ao adquirir um equipamento sem software, sua máquina será enviada sem um sistema operacional. Sem a instalação do software adequado, não será possível utilizar o equipamento.",
      "empty_text": "Sem Software"
    }
  ]
}