{
  "title": "SÉRIE E",
  "identificador": [
    "cat_65b7c14e2cd6b65959181919"
  ],
  "upselling": [
    {
      "title": "Software",
      "empty_text": "Sem Software",
      "empty_pop_title": "Atenção",
      "empty_pop_button": "Entendi, desejo prosseguir sem a aquisição de um software.",
      "empty_pop_description": "Ao adquirir um equipamento sem software, sua máquina será enviada sem um sistema operacional. Sem a instalação de um software adequado, não será possível utilizar o equipamento.",
      "upselling_list": [
        {
          "item_name": "Signmaster Basic",
          "products_sku": "CNC0039"
        },
        {
          "item_name": "Signmaster Cut+Arms",
          "products_sku": "CNC0041"
        },
        {
          "item_name": "Signmaster Pro",
          "products_sku": "FO0023"
        }
      ]
    }
  ]
}