{
  "assetsByChunkName": {
    "vendors~app-account~app-checkout~app-confirmation~app-order": "chunk.2d030d834d25bcd3a8db.js",
    "vendors~app-account~app-confirmation~app-order": "chunk.0fd21736f00f45085e67.js",
    "vendors~app-account~app-checkout": "chunk.3f579a27e6a6b1619d80.js",
    "admin": [
      "admin.4416be2d589d5c6b236d.js",
      "admin.4416be2d589d5c6b236d.js.map"
    ],
    "app-account": "chunk.a7bc6e1d5631be76704b.js",
    "app-cart": "chunk.12a1ac4fc6a8d45a221e.js",
    "app-checkout": "chunk.06840b2c3a82cb185d09.js",
    "app-confirmation": "chunk.2d7aaa6b7db6dc6fde8c.js",
    "app-order": "chunk.55b1678c02f73df5aa2f.js",
    "checkout": [
      "checkout.05d76ee3b96df0f25b84.js",
      "checkout.05d76ee3b96df0f25b84.js.map"
    ],
    "storefront": [
      "storefront.4f3e53011b5a6e07f830.css",
      "storefront.d1f10fea05c80bc48f19.js",
      "storefront.4f3e53011b5a6e07f830.css.map",
      "storefront.d1f10fea05c80bc48f19.js.map"
    ],
    "vendors~app-cart": "chunk.effe5095d8c0581af023.js",
    "vendors~app-checkout": "chunk.7ade68feac4bccc60f75.js"
  }
}