{
  "title": "Downloads importantes",
  "sections": [
    {
      "type": "banners-grid",
      "banners": [
        {
          "img": "/img/uploads/downloads-importantes-04.png",
          "mobile_img": "/img/uploads/downloads-importantes-06.png"
        }
      ]
    },
    {
      "type": "banners-grid",
      "banners": [
        {
          "img": "/img/uploads/downloads-importantes-03.png",
          "link": "https://signmaster.estore.software/downloads",
          "mobile_img": "/img/uploads/downloads-importantes-03.png"
        },
        {
          "img": "/img/uploads/downloads-importantes_prancheta-1.png",
          "link": "https://drive.google.com/drive/folders/1XurQ_T9swIzXex-MDDjyPCbYUCytpq0T?usp=drive_link",
          "mobile_img": "/img/uploads/downloads-importantes_prancheta-1.png"
        },
        {
          "img": "/img/uploads/downloads-importantes-02.png",
          "link": "https://drive.google.com/drive/folders/1-JWbHaKg9uQXqqOJpVmgEeaVOg1amEQ8?usp=drive_link",
          "mobile_img": "/img/uploads/downloads-importantes-02.png"
        }
      ]
    }
  ],
  "body": " ﻿<!--StartFragment--> - <!--EndFragment-->",
  "meta_title": ""
}