{
  "title": "Formas de pagamento",
  "meta_title": "Formas de pagamento",
  "meta_description": "Formas de pagamento",
  "body": "<!--StartFragment-->\n\n**Facilidades de Pagamento na Foison Brasil!**\n\nNa Foison Brasil, oferecemos opções flexíveis para você adquirir sua plotter com facilidade:\n\n* **Parcelamento em até 12x sem juros:** Você pode parcelar sua compra em até 12 vezes, utilizando até 2 cartões diferentes para maior conveniência.\n* **Desconto de 8% para pagamento à vista:** Aproveite nosso desconto especial para pagamentos à vista via PIX ou boleto. O pagamento via PIX é aprovado no mesmo dia, enquanto o boleto pode demorar até 48 horas para aprovação.\n\nEscolha a opção que melhor se adapta às suas necessidades e comece hoje mesmo a transformar suas ideias em realidade com a Foison Brasil!\n\n<!--EndFragment-->",
  "sections": []
}