{
  "topbar_timer": {
    "cta_url": "",
    "start": "",
    "color": "#332b69",
    "background_image": "",
    "background_color": "#b9a9ff",
    "cta_color": "#332c69",
    "title": "",
    "end": "",
    "cta_text": "",
    "cta_background": "#000000"
  },
  "topbar_1": {
    "background": "#5c52ab",
    "color": "#eeeeee",
    "topbar_1": [
      {
        "title": "A única com <b>2 anos de garantia</b>",
        "url": "/"
      },
      {
        "title": "A Plotter de Recorte Profissional perfeita para você",
        "url": "/https://foisonbrasil.netlify.app/equipamentos"
      }
    ]
  },
  "topbar_2": {
    "color": "#ffffff",
    "background": "#5c52ab"
  }
}