{
  "description": {
    "title": "Sobre a Foison",
    "text": "A Foison é muito mais do que uma plotter de recorte – somos uma vibrante comunidade de empreendedores criativos e apaixonados. Combinamos tecnologia de ponta e uma dose generosa de criatividade para desenvolver produtos incríveis. Junte-se a nós nessa jornada de aprendizado contínuo, crescimento e evolução. Explore nossa loja online e descubra como podemos transformar suas ideias em realidade!"
  },
  "links_1": {
    "list_pages": true,
    "title": "Institucional",
    "list": [
      {
        "url": "https://www.foison.com.br/",
        "text": "Quem somos"
      },
      {
        "text": "Política de privacidade",
        "url": "/politica-de-privacidade"
      },
      {
        "text": "Termos e condições de compra",
        "url": "/termos-de-uso"
      },
      {
        "text": "Política de troca",
        "url": "/politica-de-troca"
      }
    ]
  },
  "links_2": {
    "list_categories": false,
    "title": "Produtos",
    "list": [
      {
        "url": "https://foisonbrasil.netlify.app/equipamentos",
        "text": "Equipamentos"
      },
      {
        "text": "Software",
        "url": "https://foisonbrasil.netlify.app/software"
      },
      {
        "text": "Acessórios",
        "url": "https://foisonbrasil.netlify.app/acessorios"
      },
      {
        "text": "Peças de reposição",
        "url": "https://foisonbrasil.netlify.app/pecas-de-reposicao"
      },
      {
        "text": "Cursos",
        "url": "https://foisonbrasil.netlify.app/cursos"
      }
    ]
  },
  "contacts": {
    "title": "Fale conosco",
    "phone_wpp": true,
    "socials": true,
    "email": true,
    "address": true
  },
  "stamps": [
    {
      "src": "/img/uploads/ssl-safe.png",
      "alt": "Secure connection",
      "width": 150,
      "height": 62
    },
    {
      "src": "/img/uploads/selo-loja-protegida.gif"
    },
    {
      "src": "/img/uploads/selo-google.webp"
    }
  ],
  "payment_methods": {
    "pix": true,
    "visa": true,
    "mastercard": true,
    "elo": true,
    "amex": true,
    "hipercard": true,
    "boleto": true
  },
  "credits": "Razão Social: Cobra CNC Comércio de Máquinas Ltda | Distribuidora exclusiva Foison Brasil | CNPJ: 13.809.800/0001-08 | Endereço: Rua Serrita 93 A - Duque de Caxias - RJ © 2024 Foison Brasil - - Todos os direitos reservados."
}