{
  "meta_title": "",
  "meta_description": "",
  "sections": [
    {
      "type": "banner-slider",
      "autoplay": 6000,
      "full_width": false,
      "slides": [
        {
          "start": "",
          "end": "",
          "img": "/img/uploads/banner-lancamentos-geral_banner-desktop-camy.png",
          "link": "https://loja.foison.com.br/camy-2",
          "mobile_img": "/img/uploads/banner-lancamentos-geral_banner-mobile-camy.png"
        },
        {
          "start": "",
          "end": "",
          "img": "/img/uploads/site_banner-desktop-camy.png",
          "link": "https://loja.foison.com.br/foison-camy",
          "mobile_img": "/img/uploads/site_banner-mobile-camy.png"
        },
        {
          "start": "",
          "end": "",
          "img": "/img/uploads/site_banner-desktop-serie-c.png",
          "link": "https://loja.foison.com.br/foison-serie-c",
          "mobile_img": "/img/uploads/site_banner-mobile-serie-c.png"
        },
        {
          "start": "",
          "end": "",
          "img": "/img/uploads/banner-lancamentos-geral_banner-desktop-serie-c-red.png",
          "link": "https://loja.foison.com.br/plotter-profissional-foison-fc350-c910",
          "mobile_img": "/img/uploads/banner-lancamentos-geral_banner-mobile-serie-c-copia.png"
        },
        {
          "start": "",
          "end": "",
          "img": "/img/uploads/site_banner-desktop-fc350.png",
          "link": "https://loja.foison.com.br/plotter-profissional-foison-fc350",
          "mobile_img": "/img/uploads/site_banner-mobile-fc350.png"
        },
        {
          "start": "",
          "end": "",
          "img": "/img/uploads/banner-lancamentos-geral_banner-desktop-camy-2-.png",
          "link": "https://loja.foison.com.br/foison-camy-2",
          "mobile_img": "/img/uploads/banner-lancamentos-geral_banner-mobile-serie-c.png"
        },
        {
          "start": "",
          "end": "",
          "img": "/img/uploads/site_banner-desktop-acessorios.png",
          "link": "https://loja.foison.com.br/acessorios",
          "mobile_img": "/img/uploads/site_banner-mobile-acessorios.png"
        }
      ]
    },
    {
      "spacing": {
        "container": "container",
        "desktop": {
          "margin_top": "5",
          "margin_bottom": "5",
          "padding_bottom": "5"
        },
        "mobile": {
          "margin_top": "3",
          "margin_bottom": "3"
        }
      },
      "title_order": "d-flex flex-column flex-md-row",
      "banners": [
        {
          "img": "/img/uploads/camy.png",
          "title": "Camy",
          "description": "Desenvolvida especialmente para o mercado da papelaria personalizada, a Camy possui leitura automática por câmera que possibilita otimizar sua produção ao máximo.",
          "props": [
            {
              "img": "/img/uploads/corte-simples.png",
              "text": "Área útil no corte simples: <b>31cm</b>"
            },
            {
              "img": "/img/uploads/corte-contorno.png",
              "text": "Área útil no corte de contorno: <b>26,5cm</b>"
            },
            {
              "img": "/img/uploads/bases.png",
              "text": "Bases compatíveis: <b>A4</b>, <b>A4x3</b> e <b>A3</b>"
            },
            {
              "img": "/img/uploads/velocidade.png",
              "text": "Velocidade de corte: <b>800mm/s</b>"
            },
            {
              "img": "/img/uploads/forca.png",
              "text": "Força de corte: <b>1kg</b>"
            }
          ],
          "link": "/plotter-de-recorte-profissional-foison-camy"
        },
        {
          "img": "/img/uploads/camy-2.png",
          "title": "Camy 2",
          "description": "A Camy 2 trouxe novas funções para elevar sua produtividade e precisão: painel 100% touchscreen, conexão Wi-Fi e sensor automático de folhas.",
          "link": "https://loja.foison.com.br/plotter-de-recorte-profissional-foison-camy-2",
          "props": [
            {
              "img": "/img/uploads/area-de-corte-simples.png",
              "text": "Área útil no corte simples: <b>31cm</b>"
            },
            {
              "img": "/img/uploads/area-de-corte-de-contorno.png",
              "text": "Área útil no corte de contorno: <b>26,5cm</b>"
            },
            {
              "img": "/img/uploads/bases.png",
              "text": "Bases compatíveis: <b>A4</b>, <b>A4x3</b> e <b>A3</b>"
            },
            {
              "img": "/img/uploads/velocidade.png",
              "text": "Velocidade de corte: <b>800mm/s</b>"
            },
            {
              "img": "/img/uploads/forca.png",
              "text": "Força de corte: <b>1kg</b>"
            }
          ]
        },
        {
          "img": "/img/uploads/c24.png",
          "title": "C24 Pro Cam",
          "description": "A C24 Pro Cam é ideal para trabalhar com grandes formatos. Ela possui leitura automática por câmera e área útil de corte de até 61 cm.",
          "props": [
            {
              "img": "/img/uploads/corte-simples.png",
              "text": "Área útil no corte simples: <b>61cm</b>"
            },
            {
              "img": "/img/uploads/corte-contorno.png",
              "text": "Área útil no corte de contorno: <b>57,5cm</b>"
            },
            {
              "img": "/img/uploads/bases.png",
              "text": "Bases compatíveis: <b>A4</b>, <b>A4X3</b>, <b>A3</b>, <b>A2</b> e <b>A1</b>"
            },
            {
              "img": "/img/uploads/velocidade.png",
              "text": "Velocidade de corte: <b>800mm/s</b>"
            },
            {
              "img": "/img/uploads/forca.png",
              "text": "Força de corte: <b>1kg</b>"
            }
          ],
          "link": "/plotter-de-recorte-profissional-foison-c24-pro-cam-multimark"
        },
        {
          "img": "/img/uploads/e24l.png",
          "title": "E24L 2.0",
          "description": "A E24L 2.0 possui área de corte simples de 61cm e leitura manual por mira laser, você posiciona o laser na marca de registro para cortes exatos.",
          "props": [
            {
              "img": "/img/uploads/corte-simples.png",
              "text": "Área útil no corte simples: <b>61cm</b>"
            },
            {
              "img": "/img/uploads/corte-contorno.png",
              "text": "Área útil no corte de contorno: <b>59cm</b>"
            },
            {
              "img": "/img/uploads/bases.png",
              "text": "Bases compatíveis: <b>A4</b>, <b>A4x3</b>, <b>A3</b>, <b>A2</b> e <b>A1</b>"
            },
            {
              "img": "/img/uploads/velocidade.png",
              "text": "Velocidade de corte: <b>800mm/s</b>"
            },
            {
              "img": "/img/uploads/forca.png",
              "text": "Força de corte: <b>500gr</b>"
            }
          ],
          "link": "/plotter-de-recorte-profissional-foison-e24-l-20"
        }
      ],
      "cta_link": "/equipamentos",
      "custom_css_class": "chamada-foison",
      "description_text": "A Foison é muito mais do que uma plotter de recorte – somos uma vibrante comunidade de empreendedores criativos e apaixonados. Combinamos tecnologia de ponta e uma dose generosa de criatividade para desenvolver produtos incríveis. Junte-se a nós nessa jornada de aprendizado contínuo, crescimento e evolução. Explore nossa loja online e descubra como podemos transformar suas ideias em realidade!",
      "visibility": "d-block d-md-block",
      "title_text": "A Foison tem a Plotter Profissional <b>perfeita</b> para você",
      "type": "apx_list-images",
      "cta_text": "Encontrar minha plotter ideal",
      "section_secondary_color": "#b9a9ff"
    },
    {
      "description_color": "#131313",
      "spacing": {
        "container": "container",
        "desktop": {
          "margin_top": "2",
          "margin_bottom": "2",
          "padding_top": "2",
          "padding_bottom": "2"
        },
        "mobile": {
          "margin_top": "2",
          "margin_bottom": "2",
          "padding_top": "2",
          "padding_bottom": "2"
        }
      },
      "title_order": "d-flex flex-column",
      "cta_link": "/lancamentos",
      "page": 1,
      "description_text": "Descubra os favoritos da Foison, com o melhor em tecnologia, design e funcionalidade e transforme sua maneira de trabalhar pra levar o seu negócio pra um novo nível!",
      "visibility": "d-block d-md-block",
      "title_text": "Confira nossos <br class=`d-md-none`>produtos mais <b>vendidos</b>",
      "shuffle": false,
      "type": "apx-collection-shelf",
      "limit": 8,
      "cta_text": "Ver Todos",
      "title_color": "#131313",
      "sort": "sales",
      "section_secondary_color": "#b9a9ff"
    },
    {
      "description_color": "#ffffff",
      "spacing": {
        "container": "container",
        "desktop": {
          "margin_top": "5",
          "margin_bottom": "5",
          "padding_top": "5",
          "padding_bottom": "0"
        },
        "mobile": {
          "margin_top": "2",
          "margin_bottom": "2",
          "padding_top": "2",
          "padding_bottom": "2"
        }
      },
      "img": "/img/uploads/img_garantia.png",
      "title_order": "d-flex flex-column flex-md-row",
      "cta_link": "",
      "background_image": "",
      "image_order": "d-flex flex-md-row-reverse flex-column",
      "custom_css_class": "banner-garantia",
      "description_text": "Somos a única empresa no mercado a oferecer uma garantia de 2 anos, acompanhada de suporte humanizado e disponibilidade de peças de reposição. Garantimos tranquilidade e assistência contínua para nossos clientes, reafirmando nosso compromisso com a qualidade e confiabilidade dos nossos produtos.",
      "background_color": "#5c52ab",
      "visibility": "d-block d-md-block",
      "image_negative_margin": "3",
      "title_text": "A única com <b>2 anos de garantia</b><div><i class='fa fa-star'></i><i class='fa fa-star'></i><i class='fa fa-star'></i><i class='fa fa-star'></i><i class='fa fa-star'></i></div>",
      "type": "apx-image-section",
      "cta_text": "",
      "title_color": "#ffffff",
      "section_secondary_color": "#000000"
    },
    {
      "description_color": "#131313",
      "spacing": {
        "container": "container",
        "desktop": {
          "margin_top": "2",
          "margin_bottom": "2",
          "padding_top": "2",
          "padding_bottom": "2"
        },
        "mobile": {
          "margin_top": "2",
          "margin_bottom": "2",
          "padding_top": "2",
          "padding_bottom": "2"
        }
      },
      "title_order": "d-flex flex-column",
      "cta_link": "/acessorios",
      "page": 1,
      "description_text": "Garanta nossos acessórios exclusivos pra garantir o corte e acabamento perfeito pro seu trabalho!",
      "visibility": "d-block d-md-block",
      "title_text": "Confira nossa linha de <b>acessórios</b>",
      "shuffle": true,
      "type": "apx-collection-shelf",
      "limit": 8,
      "cta_text": "Ver Todos",
      "collection_id": "65b7c2422cd6b65959181b42:categories:Acessórios:/acessorios",
      "title_color": "#131313",
      "sort": "sales",
      "section_secondary_color": "#b9a9ff"
    },
    {
      "description_color": "#ffffff",
      "spacing": {
        "container": "container",
        "desktop": {
          "margin_top": "5",
          "margin_bottom": "2",
          "padding_top": "5",
          "padding_bottom": "2"
        },
        "mobile": {
          "margin_top": "2",
          "margin_bottom": "2",
          "padding_top": "2",
          "padding_bottom": "2"
        }
      },
      "img": "/img/uploads/ativo-1.png",
      "title_order": "d-flex flex-column",
      "cta_link": "/equipamentos",
      "background_image": "",
      "image_order": "d-flex flex-column flex-md-row",
      "custom_css_class": "banner-turma",
      "description_text": " Se você acabou de receber sua plotter e está animado para aprender, junte-se à nossa turma na Escola Foison. Explore uma variedade de cursos projetados para ajudá-lo a dominar sua plotter e aprimorar suas habilidades em papelaria criativa. Vamos começar!",
      "background_color": "#5c52ab",
      "visibility": "d-block d-md-block",
      "image_negative_margin": "3",
      "title_text": "Ela chegou!",
      "type": "apx-image-section",
      "cta_text": "Entrar para a turma",
      "title_color": "#ffffff",
      "section_secondary_color": "#9089ff"
    },
    {
      "enabled": true,
      "spacing": {
        "container": "container"
      },
      "title_order": "d-flex flex-column",
      "cta_link": "/blog",
      "visibility": "d-block d-md-block",
      "title_text": "Confira nosso <b>blog</b>",
      "type": "apx-blog",
      "cta_text": "Ver Todos",
      "section_secondary_color": "#b9a9ff"
    }
  ]
}